id,name,city,country,continent,region,lon,lat,rank
JED,King Abdulaziz International,Jeddah,Saudi Arabia,Asia,Western Asia,39.156667,21.679444,14
CAI,Cairo International,Cairo,Egypt,Africa,Northern Africa,31.405556,30.121944,19
TLV,Ben Gurion,Tel Aviv,Israel,Asia,Western Asia,34.880556,32.007222,20
DXB,Dubai International,Dubai,United Arab Emirates,Asia,Western Asia,55.364444,25.252778,23
MAD,Adolfo Suárez Madrid–Barajas,Madrid,Spain,Europe,Southern Europe,-3.566667,40.493611,24
BCN,Barcelona–El Prat,Barcelona,Spain,Europe,Southern Europe,2.078333,41.296944,26
DEL,Indira Gandhi International,New Delhi,India,Asia,Southern Asia,77.103056,28.566389,29
RUH,King Khalid International,Riyadh,Saudi Arabia,Asia,Western Asia,46.698889,24.957778,34
FCO,Leonardo da Vinci–Fiumicino Airport,Rome,Italy,Europe,Southern Europe,12.238889,41.800278,36
IST,Istanbul Airport,Istanbul,Turkey,Asia,Western Asia,28.751944,41.275278,38
LHR,Heathrow,London,United Kingdom,Europe,Northern Europe,-0.461389,51.4775,49
SAW,Sabiha Gökçen International,Istanbul,Turkey,Asia,Western Asia,29.309167,40.898611,50
CDG,Charles de Gaulle Airport,Paris,France,Europe,Western Europe,2.547778,49.009722,52
LGW,Gatwick,London,United Kingdom,Europe,Northern Europe,-0.190278,51.148056,53
AMM,Queen Alia International,Amman,Jordan,Asia,Western Asia,35.993333,31.7225,55
ATH,Athens International,Athens,Greece,Europe,Southern Europe,23.944444,37.936389,56
BOM,Chhatrapati Shivaji International,Mumbai,India,Asia,Southern Asia,72.868056,19.088611,57
DUB,Dublin,Dublin,Ireland,Europe,Northern Europe,-6.27,53.421389,58
BUD,Budapest Ferenc Liszt International,Budapest,Hungary,Europe,Central Europe,19.255556,47.436944,60
LIS,Lisbon Portela,Lisbon,Portugal,Europe,Southern Europe,-9.134167,38.774167,64
CPH,Airport Copenhagen,Copenhagen,Denmark,Europe,Northern Europe,12.650278,55.620278,68
TIA,Tirana International Airport Nënë Tereza,Tirana,Albania,Europe,Southern Europe,19.720833,41.415,70
VIE,Vienna International Airport,Vienna,Austria,Europe,Central Europe,16.578056,48.110278,71
MXP,Milan–Malpensa,Milan,Italy,Europe,Southern Europe,8.723056,45.63,73
KHI,Jinnah International,Karachi,Pakistan,Asia,Southern Asia,67.160833,24.906667,77
LOS,Murtala Muhammed International,Lagos,Nigeria,Africa,Western Africa,3.321111,6.5775,79
DOH,Hamad International,Doha,Qatar,Asia,Western Asia,51.608333,25.274444,82
OTP,Henri Coandă International,Bucharest,Romania,Europe,Eastern Europe,26.102222,44.572222,83
STN,London Stansted,London,United Kingdom,Europe,Northern Europe,0.235,51.885,84
ORY,Paris Orly,Paris,France,Europe,Western Europe,2.379444,48.723333,85
LHE,Allama Iqbal International,Lahore,Pakistan,Asia,Southern Asia,74.403611,31.521667,86
AMS,Amsterdam Airport Schiphol,Amsterdam,Netherlands,Europe,Western Europe,4.764167,52.308056,90
NBO,Jomo Kenyatta International,Nairobi,Kenya,Africa,Eastern Africa,36.927778,-1.319167,92
MED,Prince Mohammad bin Abdulaziz,Medina,Saudi Arabia,Asia,Western Asia,39.705,24.553333,93
WAW,Warsaw Chopin,Warsaw,Poland,Europe,Central Europe,20.967222,52.165833,97
BER,Berlin Brandenburg,Berlin,Germany,Europe,Central Europe,13.503333,52.366667,98
DMM,King Fahd International,Dammam,Saudi Arabia,Asia,Western Asia,49.797778,26.471111,99
ISB,Islamabad International Airport,Islamabad,Pakistan,Asia,Southern Asia,72.826754,33.55126,101
MCT,Muscat International,Muscat,Oman,Asia,Western Asia,58.281667,23.592778,105
ARN,Stockholm Arlanda,Stockholm,Sweden,Europe,Northern Europe,17.918611,59.651944,106
BEY,Beirut–Rafic Hariri International,Beirut,Lebanon,Asia,Western Asia,35.488333,33.820833,109
PRG,Václav Havel Airport Prague,Prague,Czechia,Europe,Central Europe,14.26,50.100833,112
KWI,Kuwait International,Kuwait City,Kuwait,Asia,Western Asia,47.968889,29.226667,114
AMD,Sardar Vallabhbhai Patel International,Ahmedabad,India,Asia,Southern Asia,72.634722,23.077222,117
CMN,Mohammed V International,Casablanca,Morocco,Africa,Northern Africa,-7.59,33.3675,119
MAN,Manchester,Manchester,United Kingdom,Europe,Northern Europe,-2.275,53.353611,120
FRA,Frankfurt International Airport,Frankfurt,Germany,Europe,Central Europe,8.570556,50.033056,127
RAK,Marrakesh Menara,Marrakesh,Morocco,Africa,Northern Africa,-8.036389,31.606944,128
BEG,Belgrade Nikola Tesla,Belgrade,Serbia,Europe,Southern Europe,20.309167,44.818333,131
LTN,Luton,London,United Kingdom,Europe,Northern Europe,-0.368333,51.874722,139
AUH,Zayed International Airport,Abu Dhabi,United Arab Emirates,Asia,Western Asia,54.651111,24.433056,142
RMO,Chișinău International,Chișinău,Moldova,Europe,Eastern Europe,28.9349,46.9352,145
HEL,Helsinki,Helsinki,Finland,Europe,Northern Europe,24.963333,60.317222,146
SOF,Sofia,Sofia,Bulgaria,Europe,Eastern Europe,23.406111,42.695278,148
BRU,Brussels,Brussels,Belgium,Europe,Western Europe,4.484444,50.901389,149
AGP,Málaga,Málaga,Spain,Europe,Southern Europe,-4.499167,36.675,152
KRK,John Paul II International Airport Kraków–Balice,Kraków,Poland,Europe,Central Europe,19.784722,50.077778,155
MLA,Malta International,Malta,Malta,Europe,Southern Europe,14.4775,35.8575,158
BGW,Baghdad International,Baghdad,Iraq,Asia,Western Asia,44.234444,33.2625,160
ACC,Kotoka International,Accra,Ghana,Africa,Western Africa,-0.166667,5.605278,161
TBS,Tbilisi International,Tbilisi,Georgia,Asia,Western Asia,44.954722,41.669167,162
SHJ,Sharjah International,Dubai,United Arab Emirates,Asia,Western Asia,55.517222,25.328611,163
ZRH,Zürich Airport,Zürich,Switzerland,Europe,Central Europe,8.549167,47.464722,165
BGY,Milan Bergamo International Airport,Milan,Italy,Europe,Southern Europe,9.700278,45.668889,167
EVN,Zvartnots International,Yerevan,Armenia,Asia,Western Asia,44.395833,40.147222,168
EBL,Erbil International,Erbil,Iraq,Asia,Western Asia,43.963056,36.237778,170
CRL,Brussels South Charleroi,Brussels,Belgium,Europe,Western Europe,4.453889,50.459167,177
BVA,Beauvais–Tillé,Paris,France,Europe,Western Europe,2.112778,49.454444,178
MUC,Munich,Munich,Germany,Europe,Central Europe,11.786111,48.353889,183
SKP,Skopje Alexander the Great,Skopje,Republic of North Macedonia,Europe,Southern Europe,21.621389,41.961667,186
ABV,Nnamdi Azikiwe International,Abuja,Nigeria,Africa,Western Africa,7.263056,9.006667,188
TAS,Tashkent International,Tashkent,Uzbekistan,Asia,Central Asia,69.281111,41.257778,189
LCA,Larnaca International,Larnaca,Cyprus,Europe,Southern Europe,33.624722,34.875,192
OPO,Porto,Porto,Portugal,Europe,Southern Europe,-8.678056,41.235556,194
EBB,Entebbe International,Entebbe,Uganda,Africa,Eastern Africa,32.443611,0.0425,195
DUS,Düsseldorf International Airport,Düsseldorf,Germany,Europe,Central Europe,6.766667,51.289444,196
GVA,Geneva,Geneva,Switzerland,Europe,Central Europe,6.108889,46.238056,200
TUN,Tunis–Carthage International,Tunis,Tunisia,Africa,Northern Africa,10.227222,36.851111,202
GYD,Heydar Aliyev International,Baku,Azerbaijan,Asia,Western Asia,50.046667,40.4675,203
VCE,Venice Marco Polo,Venice,Italy,Europe,Southern Europe,12.351944,45.505278,204
PRN,Pristina International,Pristina,Kosovo,Europe,Southern Europe,21.035833,42.572778,205
KEF,Keflavík International,Reykjavik,Iceland,Europe,Northern Europe,-22.605556,63.985,207
OSL,"Oslo Airport, Gardermoen",Oslo,Norway,Europe,Northern Europe,11.100278,60.193889,209
NAP,Naples International,Naples,Italy,Europe,Southern Europe,14.290833,40.884444,211
VNO,Vilnius,Vilnius,Lithuania,Europe,Northern Europe,25.285833,54.634167,217
SVQ,Seville,Seville,Spain,Europe,Southern Europe,-5.893056,37.418056,218
ALC,Alicante–Elche,Alicante,Spain,Europe,Southern Europe,-0.558056,38.282222,221
EDI,Edinburgh Airport,Edinburgh,United Kingdom,Europe,Northern Europe,-3.3725,55.95,222
ADD,Addis Ababa Bole International,Addis Ababa,Ethiopia,Africa,Eastern Africa,38.799444,8.977778,224
HRG,Hurghada International,Hurghada,Egypt,Africa,Northern Africa,33.801389,27.178611,227
AYT,Antalya,Antalya,Turkey,Asia,Western Asia,30.800556,36.898611,228
BAH,Bahrain International,Manama,Bahrain,Asia,Western Asia,50.633611,26.270833,230
ZAG,Zagreb,Zagreb,Croatia,Europe,Southern Europe,16.068889,45.743056,233
HAM,Hamburg,Hamburg,Germany,Europe,Central Europe,9.988333,53.630278,238
TGD,Podgorica,Podgorica,Montenegro,Europe,Southern Europe,19.251944,42.359444,240
KBL,Hamid Karzai International,Kabul,Afghanistan,Asia,Southern Asia,69.2125,34.565833,242
PMI,Palma de Mallorca,"Palma, Majorca",Spain,Europe,Southern Europe,2.738889,39.551667,247
DAM,Damascus International,Damascus,Syria,Asia,Southern Asia,36.514167,33.410556,253
VLC,Valencia,Valencia,Spain,Europe,Southern Europe,-0.481667,39.489444,254
WMI,Warsaw Modlin,Warsaw,Poland,Europe,Central Europe,20.651667,52.451111,259
SSH,Sharm el-Sheikh International,Sharm El Sheikh,Egypt,Africa,Northern Africa,34.395,27.977222,260
ESB,Esenboğa International,Ankara,Turkey,Asia,Western Asia,32.995,40.128056,266
IKA,Tehran Imam Khomeini International,Tehran,Iran,Asia,Southern Asia,51.152222,35.416111,267
ALG,Houari Boumediene,Algiers,Algeria,Africa,Northern Africa,3.214722,36.694167,269
HBE,Borg El Arab,Alexandria,Egypt,Africa,Northern Africa,29.696389,30.917778,273
FLR,Florence,Florence,Italy,Europe,Southern Europe,11.202778,43.808611,275
ALA,Almaty International,Almaty,Kazakhstan,Asia,Central Asia,77.042222,43.353333,276
CGN,Cologne Bonn Airport,Cologne,Germany,Europe,Central Europe,7.142778,50.865833,282
CTA,Catania–Fontanarossa,Catania,Italy,Europe,Southern Europe,15.063889,37.466667,287
TNG,Tangier Ibn Battouta,Tangier,Morocco,Africa,Northern Africa,-5.916944,35.726944,288
RIX,Riga International,Riga,Latvia,Europe,Northern Europe,23.971111,56.923611,296
DSS,Blaise Diagne International Airport,Dakar,Senegal,Africa,Western Africa,-17.066944,14.671111,298
ATQ,Sri Guru Ram Dass Jee International,Amritsar,India,Asia,Southern Asia,74.797222,31.709722,303
NCE,Nice Côte d Azur International,Nice,France,Europe,Western Europe,7.215,43.665278,308
CIA,Ciampino–G. B. Pastine International,Rome,Italy,Europe,Southern Europe,12.595,41.798889,312
SKG,Thessaloniki International Airport Macedonia,Thessaloniki,Greece,Europe,Southern Europe,22.970833,40.519722,316
TFS,Tenerife–South,Tenerife,Spain,Europe,Southern Europe,-16.5725,28.044444,317
BHX,Birmingham,Birmingham,United Kingdom,Europe,Northern Europe,-1.747778,52.453611,318
LPA,Gran Canaria,Las Palmas,Spain,Europe,Southern Europe,-15.386667,27.931944,320
GOT,Göteborg Landvetter,Gothenburg,Sweden,Europe,Northern Europe,12.279722,57.662778,323
MRS,Marseille Provence,Marseille,France,Europe,Western Europe,5.215,43.436667,325
ADB,Adnan Menderes,İzmir,Turkey,Asia,Western Asia,27.156944,38.2925,334
FIH,N djili,Kinshasa,Democratic Republic of the Congo,Africa,Central Africa,15.444444,-4.385833,337
BLQ,Bologna Guglielmo Marconi,Bologna,Italy,Europe,Southern Europe,11.296944,44.530833,340
AGA,Agadir–Al Massira,Agadir,Morocco,Africa,Northern Africa,-9.413056,30.325,341
TOS,"Tromsø Airport, Langnes",Tromsø,Norway,Europe,Northern Europe,18.918889,69.683333,343
BSZ,Manas International Airport,Bishkek,Kyrgyzstan,Asia,Central Asia,74.4775,43.061389,345
MUX,Multan International,Multan,Pakistan,Asia,Southern Asia,71.419167,30.203333,346
HHN,Frankfurt–Hahn,Frankfurt,Germany,Europe,Central Europe,7.263889,49.948611,348
SKT,Sialkot International,Sialkot,Pakistan,Asia,Southern Asia,74.363889,32.535278,349
SJJ,Sarajevo International,Sarajevo,Bosnia & Herzegovina,Europe,Southern Europe,18.331389,43.824722,352
CLJ,Cluj International,Cluj-Napoca,Romania,Europe,Eastern Europe,23.686111,46.785278,353
TLL,Tallinn,Tallinn,Estonia,Europe,Northern Europe,24.8325,59.413333,355
LIN,Linate,Milan,Italy,Europe,Southern Europe,9.278333,45.449444,357
STR,Stuttgart,Stuttgart,Germany,Europe,Central Europe,9.221944,48.69,358
AHB,Abha Regional,Abha,Saudi Arabia,Asia,Western Asia,42.656667,18.240278,364
FNC,Cristiano Ronaldo International,Funchal,Portugal,Europe,Southern Europe,-16.778056,32.694167,367
LYS,Lyon–Saint-Exupéry,Lyon,France,Europe,Western Europe,5.081111,45.725556,368
BSL,EuroAirport Basel Mulhouse Freiburg,Basel,Switzerland,Europe,Central Europe,7.521667,47.601111,375
SPX,Sphinx International Airport,Giza,Egypt,Africa,Northern Africa,30.894444,30.109722,378
GDN,Gdańsk Lech Wałęsa,Gdańsk,Poland,Europe,Central Europe,18.466111,54.3775,379
PMO,Falcone–Borsellino,Palermo,Italy,Europe,Southern Europe,13.099444,38.181944,381
EIN,Eindhoven,Eindhoven,Netherlands,Europe,Western Europe,5.374444,51.45,383
BTS,Bratislava Airport,Bratislava,Slovakia,Europe,Central Europe,17.212778,48.170278,389
KUT,David the Builder Kutaisi International,Kutaisi,Georgia,Asia,Western Asia,42.4825,42.176667,391
RBA,Rabat–Salé,Rabat,Morocco,Africa,Northern Africa,-6.751389,34.051389,393
JAI,Jaipur International,Jaipur,India,Asia,Southern Asia,75.812222,26.824167,398
FEZ,Fès–Saïs,Fes,Morocco,Africa,Northern Africa,-4.978056,33.927222,400
BJL,Banjul International,Banjul,Gambia,Africa,Western Africa,-16.652222,13.338056,401
RVN,Rovaniemi,Rovaniemi,Finland,Europe,Northern Europe,25.830278,66.564722,404
GIZ,Jazan,Jizan,Saudi Arabia,Asia,Western Asia,42.585833,16.901111,408
ATZ,Assiut,Asyut,Egypt,Africa,Northern Africa,31.011944,27.046389,414
ECN,Ercan International,Northern Cyprus,Unknown Region,Asia,Western Asia,33.488333,35.159722,415
BRI,Bari Karol Wojtyła,Bari,Italy,Europe,Southern Europe,16.765,41.138056,417
LXR,Luxor International,Luxor,Egypt,Africa,Northern Africa,32.706667,25.671111,418
TSF,Treviso,Venice,Italy,Europe,Southern Europe,12.197778,45.650833,427
ISU,Sulaimaniyah International,Sulaymaniyah,Iraq,Asia,Western Asia,45.315833,35.5625,428
QOW,Sam Mbakwe,Owerri,Nigeria,Africa,Western Africa,7.206111,5.426944,429
COV,Cukurova International Airport,Mersin,Turkey,Asia,Western Asia,35.0675,36.896944,437
IBZ,Ibiza,Ibiza,Spain,Europe,Southern Europe,1.373056,38.872778,440
PHC,Port Harcourt International,Port Harcourt,Nigeria,Africa,Western Africa,6.949722,5.015556,445
DWC,Al Maktoum International,Dubai,United Arab Emirates,Asia,Western Asia,55.16,24.896111,446
KGL,Kigali International,Kigali,Rwanda,Africa,Eastern Africa,30.139444,-1.968611,449
FAO,Faro,Faro,Portugal,Europe,Southern Europe,-7.965833,37.014444,450
LKO,Chaudhary Charan Singh International,Lucknow,India,Asia,Southern Asia,80.889444,26.760556,453
JTR,Santorini (Thira) National,Santorini,Greece,Europe,Southern Europe,25.479444,36.399167,455
PFO,Paphos International,Paphos,Cyprus,Europe,Southern Europe,32.485833,34.718056,457
NUE,Nuremberg,Nuremberg,Germany,Europe,Central Europe,11.066944,49.498611,460
LUX,Luxembourg,Luxembourg,Luxembourg,Europe,Western Europe,6.204444,49.623333,463
HER,Heraklion International,Heraklion,Greece,Europe,Southern Europe,25.180278,35.339722,464
BDQ,Vadodara,Vadodara,India,Asia,Southern Asia,73.226389,22.336111,468
WRO,Copernicus Airport Wrocław,Wrocław,Poland,Europe,Central Europe,16.885833,51.102778,469
TLS,Toulouse–Blagnac,Toulouse,France,Europe,Western Europe,1.367778,43.635,472
PEW,Bacha Khan International,Peshawar,Pakistan,Asia,Southern Asia,71.514444,33.993889,473
BIO,Bilbao,Bilbao,Spain,Europe,Southern Europe,-2.910556,43.301111,474
TSR,Timișoara Traian Vuia International,Timișoara,Romania,Europe,Eastern Europe,21.337778,45.81,483
CKY,Conakry International,Conakry,Guinea,Africa,Western Africa,-13.611944,9.576944,484
TFN,Tenerife-North,Tenerife,Spain,Europe,Southern Europe,-16.341667,28.482778,486
PNQ,Pune,Pune,India,Asia,Southern Asia,73.919722,18.582222,487
POZ,Poznań–Ławica,Poznań,Poland,Europe,Central Europe,16.826389,52.421111,489
PSA,Pisa International,Pisa,Italy,Europe,Southern Europe,10.395556,43.682778,490
SLL,Salalah,Salalah,Oman,Asia,Western Asia,54.091389,17.038611,494
BBU,Baneasa International Airport,Bucharest,Romania,Europe,Eastern Europe,26.1021,44.503201,495
LYP,Faisalabad International,Faisalabad District,Pakistan,Asia,Southern Asia,72.994722,31.365,501
DLA,Douala International,Douala,Cameroon,Africa,Central Africa,9.719444,4.006111,502
KUN,Kaunas,Kaunas,Lithuania,Europe,Northern Europe,24.084722,54.963889,504
GLA,Glasgow,Glasgow,United Kingdom,Europe,Northern Europe,-4.433333,55.871944,505
KAN,Mallam Aminu Kano International,Kano,Nigeria,Africa,Western Africa,8.524722,12.0475,508
ABB,Asaba International,Asaba,Nigeria,Africa,Western Africa,6.667222,6.203056,509
ABJ,Port Bouet,Abidjan,Côte d’Ivoire,Africa,Western Africa,-3.926389,5.261389,515
IAS,Iași International,Iași,Romania,Europe,Eastern Europe,27.620556,47.178611,516
NQZ,Nursultan Nazarbayev International Airport,Astana,Kazakhstan,Asia,Central Asia,71.466944,51.023056,518
SPU,Split,Split,Croatia,Europe,Southern Europe,16.298056,43.538889,520
TRN,Turin,Turin,Italy,Europe,Southern Europe,7.649444,45.2025,521
KIS,Kisumu International,Kisumu,Kenya,Africa,Eastern Africa,34.729722,-0.085556,523
ENU,Akanu Ibiam International,Enugu,Nigeria,Africa,Western Africa,7.561944,6.474167,524
HAJ,Hannover,Hanover,Germany,Europe,Central Europe,9.689444,52.460556,526
FMM,Memmingen,Memmingen,Germany,Europe,Central Europe,10.2375,47.988056,527
JRO,Kilimanjaro International,Mount Kilimanjaro,Tanzania,Africa,Eastern Africa,37.074444,-3.429444,532
ACE,Lanzarote,Lanzarote,Spain,Europe,Southern Europe,-13.605278,28.945556,537
TUU,Tabuk Regional,Tabuk,Saudi Arabia,Asia,Western Asia,36.618889,28.365556,543
NKC,Nouakchott International,Nouakchott,Mauritania,Africa,Western Africa,-15.948056,18.097778,545
XNB,Dubai Bus Station,Dubai,United Arab Emirates,Asia,Western Asia,55.333333,25.25,548
RAI,Nelson Mandela International,Praia,Cape Verde,Africa,Western Africa,-23.484722,14.941389,550
PDL,João Paulo II,Ponta Delgada,Portugal,Europe,Southern Europe,-25.697778,37.741111,551
BUS,Batumi International,Batumi,Georgia,Asia,Western Asia,41.599722,41.610278,554
DBV,Dubrovnik,Dubrovnik,Croatia,Europe,Southern Europe,18.268333,42.561389,558
ROB,Roberts International,Monrovia,Liberia,Africa,Western Africa,-10.362222,6.233889,562
UDR,Maharana Pratap,Udaipur,India,Asia,Southern Asia,73.896111,24.617778,563
OUA,Ouagadougou,Ouagadougou,Burkina Faso,Africa,Western Africa,-1.5125,12.353333,564
TRF,"Sandefjord Airport, Torp",Oslo,Norway,Europe,Northern Europe,10.258611,59.186667,566
ALP,Aleppo International Airport,Aleppo,Syria,Asia,Southern Asia,37.2244,36.180698,572
WIL,Wilson,Nairobi,Kenya,Africa,Eastern Africa,36.814722,-1.321667,574
BRS,Bristol,Bristol,United Kingdom,Europe,Northern Europe,-2.718889,51.3825,577
BOD,Bordeaux–Mérignac,Bordeaux,France,Europe,Western Europe,-0.715278,44.828611,578
DTM,Dortmund,Dortmund,Germany,Europe,Central Europe,7.612222,51.518333,580
CHQ,Chania International,Chania,Greece,Europe,Southern Europe,24.149722,35.531667,583
LJU,Ljubljana Jože Pučnik,Ljubljana,Slovenia,Europe,Southern Europe,14.4575,46.223611,584
NRN,Weeze,Düsseldorf,Germany,Europe,Central Europe,6.142222,51.6025,587
KTW,Katowice International,Katowice,Poland,Europe,Central Europe,19.08,50.474167,588
YYT,St. John's International,St. John s,Canada,North America,Northern America,-52.751944,47.618611,591
BNI,Benin,Benin City,Nigeria,Africa,Western Africa,5.599444,6.316944,592
MIR,Monastir Habib Bourguiba International,Monastir,Tunisia,Africa,Northern Africa,10.754722,35.758056,594
PZU,Port Sudan New International,Port,Sudan,Africa,Northern Africa,37.234167,19.433611,595
IXC,Chandigarh International,Chandigarh,India,Asia,Southern Asia,76.788611,30.673333,597
CAG,Cagliari Elmas,Cagliari,Italy,Europe,Southern Europe,9.057778,39.251389,600
NTE,Nantes Atlantique,Nantes,France,Europe,Western Europe,-1.607778,47.156944,602
SCQ,Santiago de Compostela,Santiago de Compostela,Spain,Europe,Southern Europe,-8.415278,42.896389,606
FNA,Lungi International,Freetown,Sierra Leone,Africa,Western Africa,-13.195556,8.616389,607
NCL,Newcastle,Newcastle upon Tyne,United Kingdom,Europe,Northern Europe,-1.691667,55.0375,618
ASR,Erkilet International,Kayseri,Turkey,Asia,Western Asia,35.495556,38.770278,623
DYU,Dushanbe International,Dushanbe,Tajikistan,Asia,Central Asia,68.825,38.543333,625
LBA,Leeds Bradford,Leeds,United Kingdom,Europe,Northern Europe,-1.660556,53.865833,628
BJM,Bujumbura International,Bujumbura,Burundi,Africa,Eastern Africa,29.318611,-3.323889,629
LPL,Liverpool John Lennon,Liverpool,United Kingdom,Europe,Northern Europe,-2.849722,53.333611,633
VAR,Varna,Varna,Bulgaria,Europe,Eastern Europe,27.825,43.231944,638
BFS,Belfast International,Belfast,United Kingdom,Europe,Northern Europe,-6.215833,54.6575,639
IDR,Devi Ahilya Bai Holkar,Indore,India,Asia,Southern Asia,75.801111,22.721667,641
BGO,"Bergen Airport, Flesland",Bergen,Norway,Europe,Northern Europe,5.218056,60.293333,652
ORN,Oran Es Sénia,Oran,Algeria,Africa,Northern Africa,-0.621111,35.623889,653
SVG,"Stavanger Airport, Sola",Stavanger,Norway,Europe,Northern Europe,5.637778,58.876667,659
EDL,Eldoret International,Eldoret,Kenya,Africa,Eastern Africa,35.238889,0.404722,661
OUD,Angads,Oujda,Morocco,Africa,Northern Africa,-1.923889,34.787222,663
FUE,Fuerteventura,Fuerteventura,Spain,Europe,Southern Europe,-13.863889,28.452778,664
VRN,Verona Villafranca,Verona,Italy,Europe,Southern Europe,10.888056,45.396389,665
ARK,Arusha,Arusha,Tanzania,Africa,Eastern Africa,36.625,-3.367222,667
MGQ,Aden Adde International,Mogadishu,Somalia,Africa,Eastern Africa,45.305,2.014722,673
ASW,Aswan International,Aswan,Egypt,Africa,Northern Africa,32.82,23.964444,675
UET,Quetta International,Quetta,Pakistan,Asia,Southern Asia,66.937778,30.251389,679
SUF,Lamezia Terme International,Lamezia Terme,Italy,Europe,Southern Europe,16.241667,38.908333,687
STV,Surat,Surat,India,Asia,Southern Asia,72.741667,21.114167,690
NAV,Nevşehir Kapadokya,Nevşehir,Turkey,Asia,Western Asia,34.534444,38.771944,692
ORK,Cork,Cork,Ireland,Europe,Northern Europe,-8.491111,51.841389,694
NSI,Yaoundé Nsimalen International,Yaoundé,Cameroon,Africa,Central Africa,11.553333,3.7225,697
HGA,Hargeisa,Hargeisa,Somalia,Africa,Eastern Africa,44.083889,9.513889,699
BLL,Billund,Billund,Denmark,Europe,Northern Europe,9.151667,55.740278,700
ELQ,Prince Nayef bin Abdulaziz Regional,Al-Qassim Region,Saudi Arabia,Asia,Western Asia,43.773889,26.302778,701
SID,Amílcar Cabral International,Sal,Cape Verde,Africa,Western Africa,-22.949444,16.741389,703
COO,Cadjehoun,Cotonou,Benin,Africa,Western Africa,2.384444,6.357222,705
LCY,London City,London,United Kingdom,Europe,Northern Europe,0.054167,51.505,710
TIF,Ta if Regional,Ta if,Saudi Arabia,Asia,Western Asia,40.544444,21.483333,712
ASM,Asmara International,Asmara,Eritrea,Africa,Eastern Africa,38.910556,15.291944,714
TIV,Tivat,Tivat,Montenegro,Europe,Southern Europe,18.723333,42.404722,715
KSC,Košice International,Košice,Slovakia,Europe,Central Europe,21.241111,48.663056,716
DED,Dehradun,Dehradun,India,Asia,Southern Asia,78.180278,30.189722,717
SNN,Shannon,"Shannon, County Clare",Ireland,Europe,Northern Europe,-8.924722,52.701944,718
EAM,Najran Regional Airport,Najran,Saudi Arabia,Asia,Western Asia,44.419167,17.611389,719
SCV,Suceava International,Suceava,Romania,Europe,Eastern Europe,26.354167,47.6875,724
SKD,Samarkand International,Samarkand,Uzbekistan,Asia,Central Asia,66.984722,39.700556,726
OVD,Asturias,Asturias,Spain,Europe,Southern Europe,-6.034722,43.563611,731
RZE,Rzeszów–Jasionka,Rzeszów,Poland,Europe,Central Europe,22.018889,50.11,733
GRX,Federico García Lorca,Granada,Spain,Europe,Southern Europe,-3.777222,37.188611,735
PKR,Pokhara,Pokhara,Nepal,Asia,Southern Asia,83.981389,28.200556,738
CFU,Corfu International,Corfu,Greece,Europe,Southern Europe,19.911667,39.601944,739
ZTH,Zakynthos International,Zakynthos Island,Greece,Europe,Southern Europe,20.884167,37.750833,742
QRW,Warri,Warri,Nigeria,Africa,Western Africa,5.820278,5.598889,748
GOA,Genoa Cristoforo Colombo,Genoa,Italy,Europe,Southern Europe,8.8375,44.413333,752
MYD,Malindi,Malindi,Kenya,Africa,Eastern Africa,40.101667,-3.229167,760
OLB,Olbia Costa Smeralda,Olbia,Italy,Europe,Southern Europe,9.517778,40.898611,767
BKO,Bamako–Sénou International,Bamako,Mali,Africa,Western Africa,-7.95,12.533611,770
JMK,Mykonos Island National,Mykonos,Greece,Europe,Southern Europe,25.348056,37.435,772
SYZ,Shiraz International,Shiraz,Iran,Asia,Southern Asia,52.588611,29.540278,773
FKB,Karlsruhe/Baden-Baden,Karlsruhe,Germany,Europe,Central Europe,8.080556,48.779444,774
BJV,Milas–Bodrum,Bodrum,Turkey,Asia,Western Asia,27.664444,37.250556,779
NDR,Nador International,Nador,Morocco,Africa,Northern Africa,-3.028333,34.988889,781
TZX,Trabzon,Trabzon,Turkey,Asia,Western Asia,39.789722,40.995,782
GZT,Oğuzeli,Gaziantep,Turkey,Asia,Western Asia,37.478611,36.947222,783
GZP,Gazipaşa,Gazipaşa,Turkey,Asia,Western Asia,32.290278,36.298056,785
LFW,Lomé–Tokoin International,Lomé,Togo,Africa,Western Africa,1.254444,6.165556,786
HSR,Rajkot International Airport,Rajkot,India,Asia,Southern Asia,71.028333,22.388056,789
MMX,Malmö,Malmö,Sweden,Europe,Northern Europe,13.375,55.5425,800
HAS,Ha il Regional,Ha il,Saudi Arabia,Asia,Western Asia,41.686389,27.438056,801
SXR,Srinagar International,Srinagar,India,Asia,Southern Asia,74.774167,33.987222,802
JIB,Djibouti–Ambouli International,Balbala,Djibouti,Africa,Eastern Africa,43.159444,11.547222,814
KMS,Kumasi,Kumasi,Ghana,Africa,Western Africa,-1.590833,6.714444,815
RHO,Rhodes International,Rhodes,Greece,Europe,Southern Europe,28.086111,36.405556,817
SZG,Salzburg,Salzburg,Austria,Europe,Central Europe,13.004444,47.793333,818
BRE,Bremen,Bremen,Germany,Europe,Central Europe,8.786667,53.0475,820
BDS,Brindisi,Brindisi,Italy,Europe,Southern Europe,17.948056,40.660556,821
SXB,Strasbourg,Strasbourg,France,Europe,Western Europe,7.634444,48.541944,823
NJF,Al Najaf International,Najaf,Iraq,Asia,Western Asia,44.404167,31.989722,826
TRS,Trieste – Friuli Venezia Giulia,Trieste,Italy,Europe,Southern Europe,13.472222,45.8275,829
MJI,Mitiga International,Tripoli,Libya,Africa,Northern Africa,13.289722,32.893333,830
CZL,Mohamed Boudiaf International,Constantine,Algeria,Africa,Northern Africa,6.620278,36.276111,832
ETM,Ramon Airport,Eilat,Israel,Asia,Western Asia,35.011417,29.723694,845
ILR,Ilorin International,Ilorin,Nigeria,Africa,Western Africa,4.493889,8.440278,846
YNB,Yanbu,Yanbu,Saudi Arabia,Asia,Western Asia,38.063333,24.144167,850
MHD,Mashhad International,Mashhad,Iran,Asia,Southern Asia,59.645,36.234167,854
GOP,Mahayogi Gorakhnath,Gorakhpur,India,Asia,Southern Asia,83.45,26.741111,856
JDH,Jodhpur,Jodhpur,India,Asia,Southern Asia,73.048889,26.251111,859
NDJ,N Djamena International,N Djamena,Chad,Africa,Central Africa,15.033889,12.133611,863
BHO,Raja Bhoj,Bhopal,India,Asia,Southern Asia,77.3375,23.2875,867
VGO,Vigo–Peinador,Vigo,Spain,Europe,Southern Europe,-8.626667,42.231667,869
BSR,Basra International,Basra,Iraq,Asia,Western Asia,47.662222,30.549167,871
ULH,Prince Abdul Majeed bin Abdulaziz Domestic,Al-`Ula,Saudi Arabia,Asia,Western Asia,38.105278,26.489722,872
DLM,Dalaman,Dalaman,Turkey,Asia,Western Asia,28.7925,36.713056,873
KRN,Kiruna,Kiruna,Sweden,Europe,Northern Europe,20.336667,67.821944,879
UGC,Urgench International,Urgench,Uzbekistan,Asia,Central Asia,60.641667,41.584167,880
BHD,George Best Belfast City,Belfast,United Kingdom,Europe,Northern Europe,-5.8725,54.618056,881
TRD,"Trondheim Airport, Værnes",Trondheim,Norway,Europe,Northern Europe,10.924167,63.4575,882
KYA,Konya,Konya,Turkey,Asia,Western Asia,32.561944,37.978889,883
PLQ,Palanga International,Palanga,Lithuania,Europe,Northern Europe,21.093889,55.973333,884
EMA,East Midlands,Nottingham,United Kingdom,Europe,Northern Europe,-1.328056,52.831111,886
INN,Innsbruck,Innsbruck,Austria,Europe,Central Europe,11.343889,47.260278,888
GHV,Brașov-Ghimbav International Airport,Brasov,Romania,Europe,Eastern Europe,25.52,45.701667,891
RMF,Marsa Alam International,Marsa Alam,Egypt,Africa,Northern Africa,34.583611,25.557222,897
IVL,Ivalo,Ivalo,Finland,Europe,Northern Europe,27.405278,68.607222,901
BNX,Banja Luka International,Banja Luka,Bosnia & Herzegovina,Europe,Southern Europe,17.2975,44.941389,903
NYO,Stockholm Skavsta,Stockholm,Sweden,Europe,Northern Europe,16.912222,58.788611,906
MPL,Montpellier–Méditerranée,Montpellier,France,Europe,Western Europe,3.961389,43.583333,908
AAE,Rabah Bitat,Annaba,Algeria,Africa,Northern Africa,7.809167,36.822222,910
LBV,Libreville International,Libreville,Gabon,Africa,Central Africa,9.412222,0.458611,914
EVE,"Harstad/Narvik Airport, Evenes",Narvik,Norway,Europe,Northern Europe,16.678056,68.491389,915
ZAD,Zadar,Zadar,Croatia,Europe,Southern Europe,15.346667,44.108333,931
BOO,Bodø,Bodø,Norway,Europe,Northern Europe,14.365278,67.269167,933
CRA,Craiova International,Craiova,Romania,Europe,Eastern Europe,23.888611,44.318056,937
EAS,San Sebastián,Donostia / San Sebastián,Spain,Europe,Southern Europe,-1.790556,43.356389,938
ASB,Ashgabat International,Ashgabat,Turkmenistan,Asia,Central Asia,58.360833,37.986944,939
CWL,Cardiff,Cardiff,United Kingdom,Europe,Northern Europe,-3.343333,51.396667,949
AOI,Marche Airport,Ancona,Italy,Europe,Southern Europe,13.360278,43.616667,951
RTM,Rotterdam The Hague,Rotterdam,Netherlands,Europe,Western Europe,4.430833,51.953056,953
KDU,Skardu,Skardu,Unknown Region,Asia,Southern Asia,75.546389,35.333056,955
ADE,Aden International Airport,Aden,Yemen,Asia,Western Asia,45.028801,12.8295,956
VXE,Cesária Évora,São Vicente,Cape Verde,Africa,Western Africa,-25.054722,16.833611,959
RKT,Ras Al Khaimah International,Ras al-Khaimah,United Arab Emirates,Asia,Western Asia,55.938889,25.613611,964
GNY,Sanliurfa,Şanlıurfa,Turkey,Asia,Western Asia,38.898752,37.447658,968
OMR,Oradea International,Oradea,Romania,Europe,Eastern Europe,21.9025,47.025278,969
SBZ,Sibiu International,Sibiu,Romania,Europe,Eastern Europe,24.091389,45.785556,972
SEN,London Southend,London,United Kingdom,Europe,Northern Europe,0.695556,51.571389,976
TTU,Sania Ramel,Tétouan,Morocco,Africa,Northern Africa,-5.328056,35.59,984
MAH,Menorca,Menorca,Spain,Europe,Southern Europe,4.218611,39.8625,990
SDR,Santander,Santander,Spain,Europe,Southern Europe,-3.82,43.426944,991
AJF,Al-Jawf Domestic,Al Jawf Region,Saudi Arabia,Asia,Western Asia,40.1,29.785,994
KRS,"Kristiansand Airport, Kjevik",Kristiansand,Norway,Europe,Northern Europe,8.085278,58.204167,995
URC,Ürümqi Diwopu International,Ürümqi,China,Asia,Eastern Asia,87.474167,43.907222,996
SPC,La Palma,Santa Cruz de La Palma,Spain,Europe,Southern Europe,-17.755556,28.626389,999
GIL,Gilgit,Gilgit,Unknown Region,Asia,Southern Asia,74.333611,35.918889,1002
AAL,Aalborg,Aalborg,Denmark,Europe,Northern Europe,9.849167,57.092778,1004
CIT,Shymkent International,Shymkent,Kazakhstan,Asia,Central Asia,69.478889,42.364167,1012
AES,"Ålesund Airport, Vigra",Ålesund,Norway,Europe,Northern Europe,6.110278,62.560278,1013
KAO,Kuusamo,Kuusamo,Finland,Europe,Northern Europe,29.239444,65.9875,1021
AHO,Alghero-Fertilia,Alghero,Italy,Europe,Southern Europe,8.289722,40.630278,1023
TKU,Turku,Turku,Finland,Europe,Northern Europe,22.262778,60.514167,1026
MWZ,Mwanza,Mwanza,Tanzania,Africa,Eastern Africa,32.932778,-2.444444,1031
PAS,Paros National,Parikia,Greece,Europe,Southern Europe,25.128611,37.010278,1034
DJE,Djerba–Zarzis International,Djerba,Tunisia,Africa,Northern Africa,10.775556,33.875,1035
XRY,Jerez,Jerez de la Frontera,Spain,Europe,Southern Europe,-6.06,36.744722,1038
JNX,Naxos Island National,Naxos,Greece,Europe,Southern Europe,25.368611,37.082222,1044
ESU,Essaouira-Mogador,Essaouira,Morocco,Africa,Northern Africa,-9.681667,31.3975,1050
NQY,Cornwall Airport Newquay,Newquay,United Kingdom,Europe,Northern Europe,-5.001667,50.443333,1051
LAU,Manda,Lamu,Kenya,Africa,Eastern Africa,40.913056,-2.2525,1052
SEU,Seronera Airstrip,Seronera,Tanzania,Africa,Eastern Africa,34.821944,-2.457222,1055
LCG,A Coruña,A Coruña,Spain,Europe,Southern Europe,-8.377222,43.302222,1056
IXL,Kushok Bakula Rimpochee,Leh,Unknown Region,Asia,Southern Asia,77.546389,34.135833,1059
KTT,Kittilä,Kittilä,Finland,Europe,Northern Europe,24.846944,67.701111,1063
IXU,Aurangabad,Aurangabad,India,Asia,Southern Asia,75.398056,19.862778,1064
OGU,Ordu–Giresun,Giresun,Turkey,Asia,Western Asia,38.085833,40.966944,1065
IOM,Isle of Man,Douglas,Isle of Man,Europe,Northern Europe,-4.624167,54.083333,1069
LDE,Tarbes–Lourdes–Pyrénées,Lourdes,France,Europe,Western Europe,-0.002778,43.185556,1080
GRO,Girona–Costa Brava,Girona,Spain,Europe,Southern Europe,2.760556,41.900833,1087
GUW,Atyrau,Atyrau,Kazakhstan,Asia,Central Asia,51.821389,47.121944,1089
LEJ,Leipzig/Halle Airport,Leipzig,Germany,Europe,Central Europe,12.241667,51.4325,1091
DHM,Dharamsala airport,Dharamshala,India,Asia,Southern Asia,76.260556,32.165278,1093
RKV,Reykjavík,Reykjavik,Iceland,Europe,Northern Europe,-21.940556,64.13,1095
LLA,Luleå,Luleå,Sweden,Europe,Northern Europe,22.121944,65.543889,1099
REG,Reggio Calabria,Reggio Calabria,Italy,Europe,Southern Europe,15.653611,38.071944,1101
JUB,Juba International,Juba,South Sudan,Africa,Eastern Africa,31.601111,4.871944,1109
EUN,Hassan I,Laayoune,Unknown Region,Africa,Northern Africa,-13.219167,27.151667,1110
BWA,Gautam Buddha,Siddharthanagar,Nepal,Asia,Southern Asia,83.416389,27.505833,1114
RZV,Rize–Artvin Airport,Rize,Turkey,Asia,Western Asia,40.828889,41.169167,1116
IBA,Ibadan,Ibadan,Nigeria,Africa,Western Africa,3.978333,7.3625,1120
IXJ,Jammu,Jammu,Unknown Region,Asia,Southern Asia,74.8375,32.689167,1121
LYR,"Svalbard Airport, Longyear",Longyearbyen,Svalbard & Jan Mayen,Europe,Northern Europe,15.465556,78.246111,1124
MLH,Mulhouse/Basel EuroAirport French FR,Basel,Switzerland,Europe,Central Europe,7.529167,47.600833,1138
ZAZ,Zaragoza,Zaragoza,Spain,Europe,Southern Europe,-1.041667,41.666111,1139
OSS,Osh,Osh,Kyrgyzstan,Asia,Central Asia,72.793333,40.608889,1140
EFL,Kephalonia International,Cephalonia,Greece,Europe,Southern Europe,20.500556,38.12,1142
HTY,Hatay,Hatay Province,Turkey,Asia,Western Asia,36.284722,36.359722,1143
VIL,Dakhla,Dakhla,Unknown Region,Africa,Northern Africa,-15.931944,23.718333,1144
INI,Niš Constantine the Great,Niš,Serbia,Europe,Southern Europe,21.853611,43.337222,1146
JER,Jersey,Saint Helier,Jersey,Europe,Northern Europe,-2.195278,49.207778,1148
BZV,Maya-Maya,Brazzaville,Republic of the Congo,Africa,Central Africa,15.253056,-4.251667,1149
TZL,Tuzla International,Tuzla,Bosnia & Herzegovina,Europe,Southern Europe,18.725556,44.458611,1150
RNS,Rennes–Saint-Jacques,Rennes,France,Europe,Western Europe,-1.732222,48.071944,1151
GRZ,Graz,Graz,Austria,Europe,Central Europe,15.44,46.993611,1153
KGS,Kos Island International,Kos,Greece,Europe,Southern Europe,27.091667,36.793333,1157
BCM,George Enescu International,Bacău,Romania,Europe,Eastern Europe,26.910278,46.521944,1160
NIM,Diori Hamani International,Niamey,Niger,Africa,Western Africa,2.176667,13.481111,1162
LCJ,Łódź Władysław Reymont,Łódź,Poland,Europe,Central Europe,19.398056,51.721944,1165
PDV,Plovdiv,Plovdiv,Bulgaria,Europe,Eastern Europe,24.850833,42.067778,1166
MQX,Alula Aba Nega,Mek ele,Ethiopia,Africa,Eastern Africa,39.533333,13.4675,1170
NKT,Şırnak,Şırnak,Turkey,Asia,Western Asia,42.061944,37.363611,1171
AQJ,King Hussein International,Aqaba,Jordan,Asia,Western Asia,35.018056,29.611667,1172
BOH,Bournemouth,Bournemouth,United Kingdom,Europe,Northern Europe,-1.8425,50.78,1176
RMI,Federico Fellini International,Rimini,Italy,Europe,Southern Europe,12.609444,44.019444,1177
SZF,Samsun-Çarşamba,Samsun,Turkey,Asia,Western Asia,36.567222,41.254444,1182
SMI,Samos International,Samos,Greece,Europe,Southern Europe,26.911667,37.69,1184
SKO,Sadiq Abubakar III International,Sokoto,Nigeria,Africa,Western Africa,5.207222,12.916389,1186
ALF,Alta,Alta,Norway,Europe,Northern Europe,23.371667,69.976111,1187
TAT,Poprad–Tatry,Poprad,Slovakia,Europe,Central Europe,20.241111,49.073611,1189
BRQ,Brno–Tuřany,Brno,Czechia,Europe,Central Europe,16.694444,49.151389,1196
DRS,Dresden,Dresden,Germany,Europe,Central Europe,13.768056,51.134444,1197
AAR,Aarhus,Aarhus,Denmark,Europe,Northern Europe,10.619444,56.303889,1199
JSA,Jaisalmer,Jaisalmer,India,Asia,Southern Asia,70.865,26.888611,1200
EZS,Elazığ,Elazığ,Turkey,Asia,Western Asia,39.291389,38.606944,1202
GNB,Alpes–Isère,Grenoble,France,Europe,Western Europe,5.332778,45.363056,1204
LUZ,Lublin,Lublin,Poland,Europe,Central Europe,22.690556,51.231389,1205
TPS,Vincenzo Florio Airport Trapani–Birgi,Trapani,Italy,Europe,Southern Europe,12.494167,37.9075,1206
BJA,Abane Ramdane,Béjaïa,Algeria,Africa,Northern Africa,5.07,36.711944,1212
NOC,Ireland West Airport Knock,"Knock, County Mayo",Ireland,Europe,Northern Europe,-8.818611,53.910278,1215
PIK,Glasgow Prestwick,Glasgow,United Kingdom,Europe,Northern Europe,-4.586667,55.509444,1216
RSI,Red Sea International Airport,Red Sea Project,Saudi Arabia,Asia,Western Asia,37.078333,25.630278,1219
OHD,Ohrid St. Paul the Apostle,Ohrid,Republic of North Macedonia,Europe,Southern Europe,20.742222,41.18,1220
SOU,Southampton,Southampton,United Kingdom,Europe,Northern Europe,-1.356667,50.950278,1221
AAN,Al Ain International,Al Ain,United Arab Emirates,Asia,Western Asia,55.609167,24.261667,1227
LIL,Lille,Lille,France,Europe,Western Europe,3.086944,50.563333,1228
ERZ,Erzurum,Erzurum,Turkey,Asia,Western Asia,41.170278,39.956389,1232
BAL,Batman,Batman,Turkey,Asia,Western Asia,41.116667,37.928889,1233
TBZ,Tabriz International,Tabriz,Iran,Asia,Southern Asia,46.235,38.133889,1235
BIA,Bastia – Poretta,Bastia,France,Europe,Western Europe,9.484722,42.55,1238
BOJ,Burgas,Burgas,Bulgaria,Europe,Eastern Europe,27.515278,42.569722,1241
JKH,Chios Island National,Chios,Greece,Europe,Southern Europe,26.140556,38.343056,1243
BHK,Bukhara International,Bukhara,Uzbekistan,Asia,Central Asia,64.48,39.766389,1249
PSR,Abruzzo,Pescara,Italy,Europe,Southern Europe,14.186667,42.431667,1250
BZG,Bydgoszcz Ignacy Jan Paderewski,Bydgoszcz,Poland,Europe,Central Europe,17.977778,53.096667,1256
FAE,Vágar,Sørvágur,Faroe Islands,Europe,Northern Europe,-7.293056,62.066389,1257
BEN,Benina International,Benghazi,Libya,Africa,Northern Africa,20.269444,32.096667,1258
AKX,Aktobe,Aktobe,Kazakhstan,Asia,Central Asia,57.206667,50.245833,1269
PEG,San Francesco d Assisi,Perugia,Italy,Europe,Southern Europe,12.510278,43.097222,1270
UME,Umeå,Umeå,Sweden,Europe,Northern Europe,20.282778,63.791944,1271
ABZ,Aberdeen,Aberdeen,United Kingdom,Europe,Northern Europe,-2.200278,57.204167,1272
SAG,Shirdi,Shirdi,India,Asia,Southern Asia,74.3754,19.69,1273
JSI,Skiathos Island National,Skiathos,Greece,Europe,Southern Europe,23.503611,39.177222,1275
FSP,Saint-Pierre,Saint-Pierre,St. Pierre & Miquelon,North America,Northern America,-56.174444,46.763333,1280
IFN,Isfahan International,Isfahan,Iran,Asia,Southern Asia,51.869722,32.751667,1285
OSD,Åre Östersund,Östersund,Sweden,Europe,Northern Europe,14.500278,63.194444,1287
TMS,São Tomé International,São Tomé,São Tomé & Príncipe,Africa,Central Africa,6.712222,0.378056,1292
MQM,Mardin,Mardin,Turkey,Asia,Western Asia,40.631667,37.223333,1296
QSF,Ain Arnat,Sétif,Algeria,Africa,Northern Africa,5.324444,36.178056,1297
DNZ,Denizli Çardak,Denizli,Turkey,Asia,Western Asia,29.701389,37.785556,1303
BIQ,Biarritz Pays Basque,Biarritz,France,Europe,Western Europe,-1.531111,43.468333,1306
OXB,Osvaldo Vieira International,Bissau,Guinea-Bissau,Africa,Western Africa,-15.653611,11.894722,1307
VAN,Van Ferit Melen,Van,Turkey,Asia,Western Asia,43.332222,38.468333,1309
MJT,Mytilene International,Mytilene,Greece,Europe,Southern Europe,26.602222,39.053333,1311
SVJ,"Svolvær Airport, Helle",Svolvær,Norway,Europe,Northern Europe,14.669444,68.243889,1314
PNA,Pamplona,Pamplona,Spain,Europe,Southern Europe,-1.646389,42.77,1318
KEU,Maasai Mara Keekorok,Maasai Mara,Kenya,Africa,Eastern Africa,35.258611,-1.586667,1321
DIY,Diyarbakır,Diyarbakır,Turkey,Asia,Western Asia,40.201111,37.893889,1323
ERH,Moulay Ali Cherif,Errachidia,Morocco,Africa,Northern Africa,-4.398889,31.946944,1324
KHS,Khasab,Khasab,Oman,Asia,Western Asia,56.240556,26.171111,1325
WAE,Wadi al-Dawasir Domestic,Wadi ad-Dawasir,Saudi Arabia,Asia,Western Asia,45.199444,20.504167,1327
GOH,Nuuk,Nuuk,Greenland,North America,Northern America,-51.678056,64.190833,1328
TER,Lajes Field,Terceira Island,Portugal,Europe,Southern Europe,-27.090833,38.761944,1336
FMO,Münster Osnabrück International,Münster,Germany,Europe,Central Europe,7.684722,52.134722,1339
JIJ,Jijiga,Jijiga,Ethiopia,Africa,Eastern Africa,42.912614,9.333482,1340
HAU,"Haugesund Airport, Karmøy",Haugesund,Norway,Europe,Northern Europe,5.208333,59.345278,1342
KIR,Kerry,County Kerry,Ireland,Europe,Northern Europe,-9.523889,52.180833,1345
OSR,Leoš Janáček Airport Ostrava,Ostrava,Czechia,Europe,Central Europe,18.111111,49.696111,1346
NMA,Namangan,Namangan,Uzbekistan,Asia,Central Asia,71.556944,40.985,1352
SZZ,Solidarity Szczecin–Goleniów,Szczecin,Poland,Europe,Central Europe,14.902222,53.584722,1353
JLR,Jabalpur,Jabalpur,India,Asia,Southern Asia,80.051944,23.177778,1356
VST,Stockholm Västerås,Stockholm,Sweden,Europe,Northern Europe,16.633611,59.589444,1357
ABT,Al-Baha Domestic,Al Bahah,Saudi Arabia,Asia,Western Asia,41.634167,20.296111,1362
OMO,Mostar,Mostar,Bosnia & Herzegovina,Europe,Southern Europe,17.845833,43.282778,1365
SFT,Skellefteå,Skellefteå,Sweden,Europe,Northern Europe,21.076944,64.624722,1371
PUY,Pula,Pula,Croatia,Europe,Southern Europe,13.922222,44.893611,1372
AGR,Agra,Agra,India,Asia,Southern Asia,77.960833,27.155833,1373
KSN,Kostanay,Kostanay,Kazakhstan,Asia,Central Asia,63.550278,53.206944,1375
XCR,Châlons Vatry,Paris,France,Europe,Western Europe,4.206111,48.773333,1380
TMR,Aguenar – Hadj Bey Akhamok,Tamanrasset,Algeria,Africa,Northern Africa,5.451111,22.811389,1383
EDO,Balıkesir Koca Seyit,Edremit,Turkey,Asia,Western Asia,27.013889,39.554722,1384
UKK,Oskemen,Oskemen,Kazakhstan,Asia,Central Asia,82.493611,50.036667,1387
YYG,Charlottetown,Charlottetown,Canada,North America,Northern America,-63.125556,46.289167,1390
RMU,Región de Murcia,Murcia,Spain,Europe,Southern Europe,-1.1279,37.8062,1393
BSA,Bosaso,Bosaso,Somalia,Africa,Eastern Africa,49.157778,11.275556,1401
BSK,Biskra,Biskra,Algeria,Africa,Northern Africa,5.738333,34.793333,1403
MLO,Milos Island National,"Plaka, Milos",Greece,Europe,Southern Europe,24.472778,36.696667,1406
RAE,Arar Domestic,Arar,Saudi Arabia,Asia,Western Asia,41.138333,30.906667,1414
LEI,Almería,Almería,Spain,Europe,Southern Europe,-2.37,36.843889,1415
NGE,Ngaoundéré,Ngaoundéré,Cameroon,Africa,Central Africa,13.559167,7.356944,1416
DPS,Ngurah Rai International,Denpasar,Indonesia,Asia,South-Eastern Asia,115.167222,-8.748056,66
SUB,Juanda International,Surabaya,Indonesia,Asia,South-Eastern Asia,112.786944,-7.379722,498
LOP,Lombok International,"Praya, Lombok",Indonesia,Asia,South-Eastern Asia,116.276667,-8.757222,525
LBJ,Komodo,Labuan Bajo,Indonesia,Asia,South-Eastern Asia,119.889167,-8.486667,556
YIA,Yogyakarta International Airport,Yogyakarta,Indonesia,Asia,South-Eastern Asia,110.05448,-7.907459,626
UPG,Sultan Hasanuddin International,Makassar,Indonesia,Asia,South-Eastern Asia,119.554167,-5.061667,858
SRG,Ahmad Yani International,Semarang,Indonesia,Asia,South-Eastern Asia,110.374167,-6.971389,911
SOC,Adisumarmo International,Surakarta,Indonesia,Asia,South-Eastern Asia,110.756944,-7.516111,1058
PKN,Iskandar,Pangkalan Bun,Indonesia,Asia,South-Eastern Asia,111.673333,-2.705278,1072
TMC,Tambolaka,Tambolaka,Indonesia,Asia,South-Eastern Asia,119.244444,-9.409722,1168
MLG,Abdul Rachman Saleh,Malang,Indonesia,Asia,South-Eastern Asia,112.714444,-7.926667,1248
BDJ,Syamsudin Noor International,Banjarmasin,Indonesia,Asia,South-Eastern Asia,114.7625,-3.442222,1350
BMU,Sultan Muhammad Salahudin,Bima,Indonesia,Asia,South-Eastern Asia,118.687222,-8.539722,1451
PKY,Tjilik Riwut,Palangka Raya,Indonesia,Asia,South-Eastern Asia,113.942778,-2.225,1932
BWX,Blimbingsari,Banyuwangi,Indonesia,Asia,South-Eastern Asia,114.34,-8.310278,2048
JBB,Notohadinegoro,Jember Regency,Indonesia,Asia,South-Eastern Asia,113.694444,-8.242222,2048
SWQ,Sultan Muhammad Kaharuddin III,Sumbawa Besar,Indonesia,Asia,South-Eastern Asia,117.411389,-8.488056,2048
JOG,Adisutjipto International,Yogyakarta,Indonesia,Asia,South-Eastern Asia,110.431667,-7.788056,2048
BTW,Batu Licin,Batulicin,Indonesia,Asia,South-Eastern Asia,116.0,-3.45,2048
KBU,Gusti Syamsir Alam,Kotabaru Regency,Indonesia,Asia,South-Eastern Asia,116.164722,-3.296111,2048
WGP,Umbu Mehang Kunda,Waingapu,Indonesia,Asia,South-Eastern Asia,120.301944,-9.669167,2048
RTG,Frans Sales Lega,Ruteng,Indonesia,Asia,South-Eastern Asia,120.478056,-8.596111,2048
BJW,Turelelo Soa,Bajawa,Indonesia,Asia,South-Eastern Asia,121.057778,-8.707778,2048
SMQ,H. Asan,Sampit,Indonesia,Asia,South-Eastern Asia,112.975,-2.499167,2048
ENE,H. Hasan Aroeboesman,Ende,Indonesia,Asia,South-Eastern Asia,121.660556,-8.849167,2048
KJT,Kertajati International,Kertajati,Indonesia,Asia,South-Eastern Asia,108.191111,-6.669167,2048
MJU,Tampa Padang,Mamuju Regency,Indonesia,Asia,South-Eastern Asia,119.027778,-2.588333,2048
MOF,Frans Xavier Seda,Maumere,Indonesia,Asia,South-Eastern Asia,122.236944,-8.640556,2048
